crop,canonical_class,image_count,percentage
apple,Apple_Black_Rot,25,3.31
apple,Apple_Cedar_Rust,25,3.31
apple,Apple_Healthy,30,3.97
apple,Apple_Scab,25,3.31
blueberry,Blueberry_Healthy,30,3.97
cherry,Cherry_Healthy,30,3.97
cherry,Cherry_Powdery_Mildew,25,3.31
corn,Corn_Common_Rust,25,3.31
corn,Corn_Gray_Leaf_Spot,25,3.31
corn,Corn_Healthy,30,3.97
corn,Corn_Northern_Leaf_Blight,25,3.31
grape,Grape_Black_Measles,25,3.31
grape,Grape_Black_Rot,25,3.31
grape,Grape_Healthy,30,3.97
grape,Grape_Leaf_Blight,25,3.31
orange,Citrus_Huanglongbing,25,3.31
peach,Peach_Bacterial_Spot,25,3.31
peach,Peach_Healthy,30,3.97
pepper,Pepper_Bacterial_Spot,25,3.31
pepper,Pepper_Healthy,30,3.97
potato,Potato_Early_Blight,25,3.31
potato,Potato_Healthy,30,3.97
potato,Potato_Late_Blight,25,3.31
raspberry,Raspberry_Healthy,30,3.97
soybean,Soybean_Healthy,30,3.97
squash,Squash_Powdery_Mildew,25,3.31
strawberry,Strawberry_Healthy,30,3.97
strawberry,Strawberry_Leaf_Scorch,25,3.31
